alforja,http://www.meteoprades.net/estacions/alforja/
capafonts,http://www.meteoprades.net/estacions/capafonts/
guardiaprats,http://www.meteoprades.net/estacions/la-guardia-dels-prats/
lafebro,http://www.meteoprades.net/estacions/la-febro/
lalbiol,http://www.meteoprades.net/estacions/lalbiol/
laleixar,http://www.meteoprades.net/estacions/laleixar/
lamussara,http://www.meteoprades.net/estacions/la-mussara/
lariba,http://www.meteoprades.net/estacions/la-riba/
montral,http://www.meteoprades.net/estacions/mont-ral/
montblanc,http://www.meteoprades.net/estacions/montblanc/
picorandan,http://www.meteoprades.net/estacions/picorandan-capafonts/
lapena,http://www.meteoprades.net/estacions/poblet-la-pena/
poblet,http://www.meteoprades.net/estacions/poblet-les-masies/
prades,http://www.meteoprades.net/estacions/prades-parc-de-bombers/
closos,http://www.meteoprades.net/estacions/prades-closos/
rojals,http://www.meteoprades.net/estacions/rojals/
siurana,http://www.meteoprades.net/estacions/siurana/
baltasana,http://www.meteoprades.net/estacions/tossal-de-la-baltasana/
vilanova,http://www.meteoprades.net/estacions/vilanova-de-prades/
vega,http://www.meteoprades.net/estacions/vilanova-de-prades-vinyes/
